1,1,190,5,2025-08-29,2025-09-01,3,1153.35,completed,2024-12-13
2,2,296,3,2025-06-02,2025-06-07,4,955.55,completed,2024-07-18
3,3,71,1,2025-01-07,2025-01-19,4,3831.36,completed,2024-11-17
4,4,359,2,2025-01-20,2025-02-02,4,1652.82,confirmed,2024-05-10
5,5,174,5,2025-05-25,2025-06-07,1,11078.73,completed,2024-12-07
6,6,200,1,2025-05-11,2025-05-14,2,758.47,completed,2025-01-04
7,7,308,4,2025-05-15,2025-05-23,3,689.92,confirmed,2025-04-26
8,8,190,1,2025-03-11,2025-03-15,4,410.08,completed,2024-12-02
9,9,315,5,2025-02-22,2025-03-01,1,11005.68,cancelled,2024-07-10
10,10,420,2,2025-08-27,2025-09-09,4,2689.96,completed,2025-05-27
11,11,104,5,2025-11-10,2025-11-11,1,759.27,cancelled,2024-12-01
12,12,307,5,2025-04-07,2025-04-20,2,7926.36,completed,2024-11-24
13,13,87,1,2024-10-01,2024-10-11,1,728.96,completed,2024-08-01
14,14,45,3,2025-09-12,2025-09-15,3,1225.44,completed,2025-05-24
15,15,203,4,2024-06-01,2024-06-12,1,2801.26,completed,2024-05-31
16,16,361,1,2025-03-24,2025-04-05,3,4762.37,completed,2024-08-26
17,17,425,5,2025-04-13,2025-04-25,3,16707.24,completed,2025-03-14
18,18,418,3,2025-08-26,2025-09-01,2,2595.60,confirmed,2025-01-07
19,19,207,5,2025-11-07,2025-11-15,2,3146.64,confirmed,2024-11-01
20,20,260,1,2026-01-22,2026-01-29,3,1215.20,completed,2025-03-25
21,21,60,5,2025-07-18,2025-07-24,3,1573.02,no_show,2024-05-17
22,22,227,4,2025-10-22,2025-11-03,2,1773.24,completed,2025-04-12
23,23,174,4,2024-12-23,2025-01-05,1,6462.59,completed,2024-09-22
24,24,60,3,2024-05-10,2024-05-18,2,699.12,confirmed,2024-05-09
25,25,360,2,2025-08-16,2025-08-27,4,907.17,completed,2024-10-22
26,26,265,5,2025-10-10,2025-10-16,3,8661.24,confirmed,2025-09-21
27,27,148,1,2025-02-16,2025-02-20,3,1099.74,completed,2024-04-11
28,28,284,2,2024-10-14,2024-10-16,3,849.84,completed,2024-07-13
29,29,458,5,2025-04-22,2025-04-26,2,3484.32,cancelled,2024-11-14
30,30,378,2,2025-06-02,2025-06-10,2,2804.08,confirmed,2024-10-12
31,31,136,2,2025-01-18,2025-02-01,2,3837.26,confirmed,2024-11-14
32,32,317,3,2025-06-12,2025-06-26,1,4776.10,confirmed,2024-11-09
33,33,472,1,2024-12-16,2024-12-18,4,653.97,completed,2024-04-14
34,34,4,5,2024-06-23,2024-07-03,4,5559.90,no_show,2024-05-09
35,35,318,3,2026-03-12,2026-03-18,3,621.42,completed,2024-06-28
36,36,94,5,2026-02-24,2026-03-04,2,11196.96,cancelled,2024-07-14
37,37,296,2,2024-11-21,2024-12-04,4,2484.43,confirmed,2024-07-20
38,38,277,1,2024-09-06,2024-09-14,4,2091.46,completed,2024-06-19
39,39,352,2,2025-03-22,2025-04-05,1,4773.16,completed,2024-09-07
40,40,266,4,2025-08-30,2025-09-11,1,10544.73,cancelled,2024-09-17
41,41,346,2,2024-11-13,2024-11-14,1,536.86,completed,2024-10-02
42,42,186,5,2024-07-01,2024-07-07,2,7994.52,completed,2024-06-18
43,43,135,2,2025-07-25,2025-08-03,3,4358.52,cancelled,2025-02-22
44,44,95,4,2024-08-06,2024-08-12,4,5053.97,completed,2024-08-04
45,45,386,3,2024-10-03,2024-10-15,4,4859.16,completed,2024-05-09
46,46,231,2,2024-08-03,2024-08-08,2,2166.65,completed,2024-06-12
47,47,52,3,2026-03-09,2026-03-23,4,3857.14,completed,2024-09-17
48,48,196,2,2025-01-29,2025-02-12,2,4600.82,confirmed,2024-06-01
49,49,413,1,2025-07-20,2025-07-28,4,2431.94,confirmed,2024-10-27
50,50,458,5,2024-04-29,2024-05-02,3,2613.24,completed,2024-04-20
51,51,250,3,2024-08-30,2024-09-12,1,1487.59,cancelled,2024-07-02
52,52,51,2,2025-01-17,2025-01-24,3,3066.70,confirmed,2024-10-25
53,53,430,1,2024-09-05,2024-09-13,3,1917.31,completed,2024-07-29
54,54,185,3,2025-11-20,2025-11-25,3,2374.70,completed,2024-05-14
55,55,11,4,2024-06-21,2024-06-27,2,3330.39,confirmed,2024-06-11
56,56,295,5,2024-08-22,2024-09-01,3,13674.90,confirmed,2024-05-22
57,57,167,5,2025-03-08,2025-03-14,4,1243.98,completed,2024-07-04
58,58,196,5,2025-12-29,2025-12-31,2,1971.78,cancelled,2025-03-06
59,59,86,3,2025-07-19,2025-08-02,4,4168.36,completed,2025-01-11
60,60,465,1,2025-06-28,2025-07-12,3,4373.60,confirmed,2024-12-25
61,61,161,3,2024-12-18,2024-12-22,3,2168.56,completed,2024-11-08
62,62,331,4,2025-07-03,2025-07-13,4,4437.83,cancelled,2025-04-09
63,63,442,3,2025-09-06,2025-09-19,4,4002.83,completed,2024-09-08
64,64,86,2,2025-07-01,2025-07-08,2,2084.18,completed,2024-05-16
65,65,121,3,2024-07-14,2024-07-26,1,955.80,completed,2024-04-19
66,66,86,4,2024-11-17,2024-11-21,1,2084.18,confirmed,2024-05-18
67,67,281,1,2025-08-27,2025-09-04,4,2382.21,confirmed,2024-12-22
68,68,392,1,2025-02-07,2025-02-16,2,982.58,confirmed,2024-05-20
69,69,336,4,2025-01-13,2025-01-15,2,1618.15,cancelled,2024-05-30
70,70,146,4,2025-07-16,2025-07-28,2,2785.02,completed,2025-02-23
71,71,430,2,2025-07-23,2025-08-01,3,2696.22,confirmed,2025-07-22
72,72,469,3,2025-05-18,2025-06-01,4,1859.06,completed,2024-10-23
73,73,277,3,2024-07-19,2024-08-02,2,4575.06,completed,2024-05-10
74,74,277,2,2025-03-03,2025-03-15,4,3921.48,completed,2024-04-25
75,75,384,5,2024-12-26,2025-01-06,3,15768.72,completed,2024-04-10
76,76,247,5,2024-07-16,2024-07-22,1,3493.26,confirmed,2024-06-27
77,77,158,3,2026-03-13,2026-03-21,2,3733.92,completed,2025-03-29
78,78,6,1,2025-04-04,2025-04-09,2,1968.60,completed,2024-12-11
79,79,147,4,2025-02-05,2025-02-11,4,4084.18,completed,2024-12-18
80,80,245,3,2025-03-31,2025-04-13,4,2946.06,confirmed,2024-05-07
81,81,150,5,2024-04-30,2024-05-13,1,10612.68,confirmed,2024-04-24
82,82,192,2,2024-11-07,2024-11-16,4,3680.28,completed,2024-06-05
83,83,128,2,2025-05-05,2025-05-12,4,3329.62,completed,2024-06-12
84,84,194,2,2025-03-08,2025-03-22,4,2732.80,cancelled,2024-12-12
85,85,123,5,2025-10-19,2025-10-30,3,11298.21,completed,2025-02-09
86,86,333,5,2024-06-29,2024-07-04,4,7689.75,completed,2024-04-17
87,87,437,1,2025-10-26,2025-10-30,3,1704.80,confirmed,2025-07-17
88,88,327,4,2025-01-01,2025-01-03,3,1464.72,completed,2024-11-14
89,89,319,4,2024-05-08,2024-05-20,1,11051.67,confirmed,2024-04-29
90,90,26,5,2025-05-12,2025-05-15,1,1701.45,confirmed,2025-05-07
91,91,138,2,2024-06-21,2024-06-26,1,769.30,completed,2024-06-08
92,92,47,2,2025-10-09,2025-10-13,2,1767.24,confirmed,2024-09-18
93,93,216,3,2026-04-08,2026-04-14,4,1716.66,completed,2025-03-02
94,94,238,1,2024-12-18,2024-12-24,2,2572.85,cancelled,2024-11-01
95,95,137,4,2025-02-22,2025-02-23,4,216.25,confirmed,2025-02-20
96,96,99,3,2025-10-26,2025-10-29,1,1459.41,completed,2024-08-20
97,97,394,2,2025-11-21,2025-11-23,4,465.40,completed,2025-03-22
98,98,378,1,2024-12-20,2024-12-24,1,1121.63,confirmed,2024-10-06
99,99,341,2,2025-07-14,2025-07-23,3,2373.66,completed,2024-06-23
100,100,82,1,2024-07-18,2024-07-24,1,637.34,completed,2024-04-28
101,101,247,3,2024-09-06,2024-09-11,1,970.35,confirmed,2024-04-16
102,102,342,2,2024-12-20,2025-01-03,2,2574.18,no_show,2024-06-18
103,103,223,3,2025-05-06,2025-05-17,3,4682.15,confirmed,2024-08-13
104,104,62,4,2025-09-04,2025-09-14,1,9624.13,completed,2024-09-03
105,105,298,4,2024-10-20,2024-10-21,2,511.31,completed,2024-09-22
106,106,395,1,2026-03-29,2026-04-04,4,1360.66,confirmed,2025-08-10
107,107,352,5,2024-06-16,2024-06-18,1,2045.64,cancelled,2024-06-13
108,108,183,2,2025-11-03,2025-11-04,1,104.47,completed,2025-09-17
109,109,250,2,2026-04-03,2026-04-06,3,343.29,cancelled,2025-12-27
110,110,457,4,2024-07-09,2024-07-22,1,11955.81,completed,2024-06-26
111,111,194,3,2024-10-07,2024-10-19,3,2342.40,completed,2024-08-15
112,112,249,4,2025-12-04,2025-12-05,4,510.30,completed,2025-07-12
113,113,291,2,2025-08-15,2025-08-19,3,634.20,completed,2024-12-05
114,114,240,3,2025-06-04,2025-06-16,2,3917.16,completed,2024-07-30
115,115,272,2,2025-02-04,2025-02-06,3,291.80,completed,2024-08-22
116,116,188,4,2025-07-15,2025-07-24,4,5817.73,confirmed,2025-05-20
117,117,95,1,2024-06-15,2024-06-27,3,4620.77,completed,2024-05-13
118,118,318,2,2024-10-28,2024-11-10,1,1346.41,cancelled,2024-10-15
119,119,276,4,2025-01-02,2025-01-13,4,6341.53,confirmed,2024-12-19
120,120,283,2,2024-12-03,2024-12-16,3,5425.94,completed,2024-04-08
121,121,329,3,2025-10-25,2025-11-01,1,3676.75,confirmed,2025-05-26
122,122,428,2,2025-09-24,2025-09-25,1,527.88,confirmed,2024-12-08
123,123,55,4,2025-08-06,2025-08-10,1,3471.86,confirmed,2024-09-28
124,124,329,4,2024-05-24,2024-06-03,3,9191.88,completed,2024-05-02
125,125,188,2,2024-09-14,2024-09-15,1,369.38,completed,2024-06-15
126,126,472,2,2024-09-09,2024-09-10,1,408.73,completed,2024-05-19
127,127,411,1,2025-12-04,2025-12-12,4,3483.39,completed,2024-10-29
128,128,189,1,2025-06-04,2025-06-18,3,4846.58,completed,2024-12-02
129,129,21,1,2025-03-28,2025-04-06,1,2284.63,completed,2024-08-07
130,130,266,1,2025-08-19,2025-08-23,2,1606.82,confirmed,2024-05-02
131,131,198,2,2024-06-19,2024-06-28,2,2669.58,confirmed,2024-06-03
132,132,321,2,2025-03-09,2025-03-19,4,3029.40,completed,2024-05-19
133,133,55,5,2025-12-25,2026-01-06,4,17855.28,completed,2025-01-09
134,134,341,4,2024-04-08,2024-04-20,2,5538.54,completed,2024-04-08
135,135,93,5,2024-09-02,2024-09-15,3,10843.17,completed,2024-07-18
136,136,81,5,2024-07-13,2024-07-24,4,11644.38,no_show,2024-06-09
137,137,463,3,2024-08-02,2024-08-08,3,1700.46,completed,2024-07-25
138,138,191,4,2024-10-25,2024-11-08,4,4498.20,completed,2024-08-16
139,139,372,3,2024-10-08,2024-10-22,2,3439.24,completed,2024-06-15
140,140,393,5,2026-01-28,2026-02-04,3,10987.20,completed,2024-07-26
141,141,232,4,2025-01-22,2025-01-28,1,1177.68,no_show,2024-07-05
142,142,18,3,2025-09-01,2025-09-13,2,6169.20,completed,2024-08-05
143,143,4,3,2025-07-31,2025-08-05,2,926.65,no_show,2025-03-11
144,144,162,1,2024-04-08,2024-04-22,3,799.12,completed,2024-04-08
145,145,262,5,2024-07-14,2024-07-23,2,4868.91,completed,2024-04-29
146,146,20,4,2025-08-18,2025-08-20,2,276.64,completed,2024-04-12
147,147,188,5,2025-08-29,2025-09-03,3,5540.70,confirmed,2025-05-28
148,148,154,1,2026-03-31,2026-04-13,2,5054.50,completed,2025-02-06
149,149,40,3,2024-07-13,2024-07-25,2,2658.96,completed,2024-04-14
150,150,423,5,2025-01-13,2025-01-21,1,7895.52,completed,2024-10-29
151,77,375,5,2024-06-21,2024-06-22,1,851.67,completed,2024-05-01
152,86,451,4,2026-01-12,2026-01-18,1,2369.22,completed,2024-07-05
153,59,335,5,2025-10-25,2025-11-06,4,8133.84,completed,2025-06-07
154,14,269,1,2024-07-14,2024-07-19,2,851.08,cancelled,2024-07-13
155,84,358,2,2024-07-21,2024-07-30,4,4425.30,confirmed,2024-06-02
156,115,305,5,2024-04-14,2024-04-27,2,4368.39,completed,2024-04-11
157,111,403,4,2025-02-23,2025-02-28,3,1122.36,confirmed,2024-11-25
158,22,293,1,2025-07-11,2025-07-19,3,1250.18,completed,2024-06-16
159,22,257,4,2025-02-02,2025-02-09,2,2228.28,completed,2024-10-30
160,35,287,2,2025-12-27,2026-01-04,2,3161.52,completed,2024-06-01
161,144,377,5,2024-06-20,2024-06-30,1,6060.90,confirmed,2024-06-01
162,69,221,3,2025-06-12,2025-06-25,1,4312.49,completed,2024-09-20
163,29,212,4,2026-03-13,2026-03-24,2,7443.78,completed,2024-11-15
164,83,305,1,2024-07-19,2024-07-25,2,537.65,completed,2024-05-06
165,90,421,4,2024-06-08,2024-06-18,4,1484.18,completed,2024-05-11
166,12,120,2,2025-06-20,2025-07-04,2,1278.20,completed,2024-12-30
167,22,379,1,2025-10-29,2025-10-31,2,772.69,confirmed,2025-05-05
168,74,176,1,2025-12-18,2025-12-19,4,315.59,cancelled,2025-05-20
169,6,108,5,2024-11-14,2024-11-20,3,3499.56,confirmed,2024-07-30
170,141,319,2,2025-04-15,2025-04-23,1,4210.16,completed,2025-01-11
171,97,464,5,2024-11-10,2024-11-20,2,3378.30,confirmed,2024-04-19
172,16,103,5,2026-01-24,2026-01-29,4,1023.45,cancelled,2025-12-25
173,3,199,3,2025-04-04,2025-04-06,3,307.30,completed,2024-05-18
174,28,150,4,2025-04-08,2025-04-09,4,476.21,confirmed,2024-11-10
175,131,51,3,2025-04-29,2025-05-11,1,5257.20,completed,2025-04-20
176,48,257,4,2026-03-30,2026-04-03,1,1273.30,completed,2026-02-10
177,11,473,5,2024-07-13,2024-07-17,4,1314.96,cancelled,2024-06-29
178,101,81,1,2025-05-28,2025-06-09,3,3387.46,cancelled,2024-09-06
179,91,155,2,2025-08-20,2025-08-31,3,3800.50,no_show,2025-04-23
180,16,132,4,2026-03-06,2026-03-17,1,6703.04,completed,2025-09-26
181,143,116,2,2024-04-20,2024-04-25,4,577.95,cancelled,2024-04-08
182,36,374,4,2024-10-16,2024-10-18,2,1792.32,completed,2024-04-15
183,107,294,2,2024-05-22,2024-05-26,3,1746.76,completed,2024-05-12
184,85,278,2,2025-04-13,2025-04-21,2,1753.68,confirmed,2024-11-26
185,149,351,2,2025-04-09,2025-04-18,3,3607.83,completed,2024-09-07
186,135,221,2,2025-09-03,2025-09-06,2,995.19,completed,2024-05-20
187,82,286,5,2025-05-05,2025-05-07,1,2140.62,completed,2024-12-05
188,48,430,2,2024-10-27,2024-11-02,3,1797.48,completed,2024-06-09
189,106,156,4,2025-04-16,2025-04-23,3,1129.33,completed,2024-06-22
190,39,97,1,2025-11-19,2025-12-02,1,5035.16,confirmed,2025-02-18
191,69,291,5,2025-01-18,2025-01-28,2,4756.50,confirmed,2024-10-05
192,60,14,3,2025-12-09,2025-12-20,4,513.04,confirmed,2025-05-28
193,35,434,5,2024-05-26,2024-06-04,3,1938.60,completed,2024-05-11
194,48,199,4,2025-09-23,2025-10-07,2,3764.42,completed,2025-07-03
195,50,17,4,2024-05-20,2024-05-24,1,3199.63,completed,2024-04-11
196,70,114,2,2025-02-19,2025-02-26,1,751.87,completed,2024-08-29
197,46,444,5,2025-06-27,2025-07-05,3,12213.60,completed,2024-08-23
198,118,219,4,2025-10-02,2025-10-06,4,3597.09,completed,2025-05-14
199,81,314,5,2024-07-04,2024-07-11,1,5408.34,completed,2024-06-08
200,134,232,4,2025-09-02,2025-09-04,1,392.56,completed,2024-06-30
201,63,276,4,2026-03-05,2026-03-14,1,5188.52,no_show,2025-04-07
202,143,265,1,2025-11-01,2025-11-08,4,2694.61,confirmed,2025-05-25
203,102,397,3,2024-08-08,2024-08-13,4,2191.85,completed,2024-04-23
204,76,471,1,2025-10-31,2025-11-10,2,1214.56,completed,2024-09-08
205,119,331,4,2026-01-15,2026-01-29,1,6212.95,confirmed,2025-08-20
206,47,300,5,2024-04-29,2024-05-12,4,14258.01,confirmed,2024-04-24
207,83,13,2,2024-10-23,2024-10-31,2,1375.68,completed,2024-04-20
208,117,129,3,2025-09-10,2025-09-12,2,405.68,completed,2025-02-01
209,32,59,4,2024-06-03,2024-06-05,1,1339.73,completed,2024-05-03
210,135,197,5,2024-12-27,2025-01-08,2,6896.16,completed,2024-08-17
211,97,195,1,2025-05-27,2025-06-05,3,1560.96,completed,2024-09-07
212,145,338,2,2024-10-11,2024-10-25,2,1299.76,confirmed,2024-04-27
213,46,365,1,2025-06-01,2025-06-14,3,2955.16,completed,2025-02-04
214,115,321,2,2024-09-21,2024-09-26,2,1514.70,confirmed,2024-07-01
215,52,319,3,2024-05-10,2024-05-11,4,526.27,confirmed,2024-05-05
216,128,414,1,2024-10-03,2024-10-12,4,1678.82,completed,2024-06-30
217,61,302,4,2025-01-12,2025-01-16,4,667.03,completed,2024-05-19
218,21,308,1,2026-02-17,2026-02-27,3,394.24,confirmed,2025-11-12
219,143,423,2,2025-05-17,2025-05-31,2,4605.72,confirmed,2025-04-12
220,15,179,1,2025-10-01,2025-10-12,1,3237.78,confirmed,2024-11-20
221,148,309,3,2024-11-29,2024-12-13,1,5484.08,cancelled,2024-07-14
222,13,214,2,2025-09-16,2025-09-18,3,838.30,confirmed,2024-08-28
223,147,288,2,2024-06-03,2024-06-16,3,4227.99,no_show,2024-04-28
224,10,394,3,2025-04-09,2025-04-11,4,465.40,cancelled,2025-03-04
225,18,219,5,2024-08-17,2024-08-30,4,20040.93,confirmed,2024-07-22
226,35,356,3,2026-03-26,2026-03-28,4,259.56,cancelled,2026-02-21
227,135,357,2,2024-05-28,2024-06-01,1,887.96,completed,2024-05-01
228,147,323,5,2024-10-31,2024-11-12,4,6066.00,no_show,2024-09-29
229,74,312,3,2024-12-03,2024-12-10,3,1359.75,cancelled,2024-08-18
230,34,289,4,2024-04-13,2024-04-23,4,9199.40,completed,2024-04-09
231,127,93,5,2025-05-25,2025-06-07,3,10843.17,confirmed,2024-08-11
232,50,61,1,2025-07-07,2025-07-08,1,172.35,completed,2024-11-05
233,54,316,4,2025-06-14,2025-06-27,3,8101.28,completed,2024-11-07
234,90,413,2,2025-10-24,2025-11-02,2,3419.91,confirmed,2024-07-27
235,73,405,1,2026-01-26,2026-01-31,3,1517.16,cancelled,2025-08-21
236,2,352,3,2024-10-04,2024-10-06,1,681.88,cancelled,2024-04-09
237,45,170,3,2025-02-01,2025-02-05,4,1299.40,completed,2024-06-16
238,122,19,2,2024-12-17,2024-12-30,4,2060.11,completed,2024-11-06
239,138,237,4,2026-01-09,2026-01-15,1,1644.61,completed,2025-12-08
240,134,290,3,2024-04-09,2024-04-14,1,1274.45,completed,2024-04-08
241,54,351,3,2025-12-19,2025-12-29,3,4008.70,completed,2025-07-02
242,17,144,1,2024-06-22,2024-06-25,4,587.66,cancelled,2024-05-17
243,137,85,5,2024-09-29,2024-10-13,2,3155.04,completed,2024-07-02
244,30,401,3,2024-05-21,2024-06-04,3,1541.54,completed,2024-05-20
245,9,212,1,2025-09-10,2025-09-15,2,1546.76,completed,2024-05-26
246,96,425,3,2026-02-10,2026-02-18,3,3712.72,confirmed,2025-12-02
247,45,192,1,2025-04-22,2025-04-24,1,654.27,completed,2024-12-29
248,114,13,4,2025-01-05,2025-01-14,2,2708.37,completed,2024-12-29
249,49,473,4,2024-06-09,2024-06-15,3,1150.59,completed,2024-04-13
250,84,394,1,2024-07-14,2024-07-17,2,558.48,completed,2024-06-26
251,53,19,4,2024-06-01,2024-06-13,1,3327.87,completed,2024-05-08
252,2,23,5,2025-02-19,2025-02-24,3,4737.30,completed,2025-02-07
253,120,53,5,2024-09-28,2024-09-29,3,810.57,completed,2024-05-23
254,6,389,3,2024-11-24,2024-12-04,2,1401.20,completed,2024-10-09
255,83,99,3,2025-09-02,2025-09-06,3,1945.88,cancelled,2025-04-19
256,113,61,3,2024-11-26,2024-12-07,3,2369.84,confirmed,2024-06-10
257,30,319,5,2024-06-01,2024-06-02,2,1578.81,completed,2024-04-18
258,139,282,3,2025-10-30,2025-11-05,3,3174.12,cancelled,2025-03-07
259,147,88,1,2024-07-30,2024-08-03,3,437.28,cancelled,2024-04-26
260,139,26,2,2025-03-14,2025-03-22,1,1512.40,confirmed,2024-08-24
261,28,28,1,2025-05-04,2025-05-11,2,1393.90,completed,2025-04-20
262,115,183,3,2024-09-06,2024-09-16,2,1044.70,cancelled,2024-05-24
263,137,473,4,2024-10-18,2024-10-20,1,383.53,completed,2024-05-01
264,120,234,3,2024-08-01,2024-08-03,4,368.40,completed,2024-06-25
265,121,115,2,2025-12-03,2025-12-07,3,1966.16,completed,2025-06-02
266,94,94,3,2024-05-07,2024-05-14,3,3265.78,completed,2024-05-02
267,117,16,1,2024-12-03,2024-12-11,3,3290.82,completed,2024-04-29
268,123,434,2,2024-10-06,2024-10-14,3,574.40,cancelled,2024-06-11
269,148,261,1,2025-04-18,2025-04-21,1,1248.67,completed,2024-12-17
270,84,333,1,2024-10-15,2024-10-24,4,3691.08,completed,2024-10-13
271,103,212,2,2024-04-30,2024-05-10,2,3866.90,completed,2024-04-16
272,124,34,3,2025-03-04,2025-03-11,4,641.27,confirmed,2024-12-10
273,112,404,3,2024-10-07,2024-10-17,2,1303.40,completed,2024-07-01
274,45,343,1,2025-11-16,2025-11-27,4,666.95,completed,2024-06-29
275,30,306,4,2024-04-16,2024-04-26,1,9520.35,cancelled,2024-04-14
276,114,158,4,2026-03-27,2026-03-30,1,2450.39,confirmed,2024-07-10
277,98,254,1,2025-12-01,2025-12-07,2,1328.59,confirmed,2024-11-18
278,149,326,1,2025-07-12,2025-07-25,2,5016.44,completed,2025-01-29
279,116,150,4,2025-06-07,2025-06-16,4,4285.89,completed,2024-07-26
280,51,349,3,2025-11-23,2025-11-27,3,1170.68,cancelled,2024-04-20
281,112,469,3,2024-05-25,2024-06-06,1,1593.48,no_show,2024-05-20
282,131,434,2,2025-02-26,2025-03-05,1,502.60,completed,2024-05-19
283,95,28,1,2026-01-29,2026-02-07,3,1792.15,completed,2025-10-08
284,29,145,1,2024-12-06,2024-12-20,4,3505.15,confirmed,2024-04-18
285,82,196,4,2025-03-10,2025-03-22,2,6901.23,completed,2024-06-03
286,45,72,2,2025-06-01,2025-06-09,3,3422.96,completed,2025-03-18
287,107,148,2,2025-01-21,2025-01-24,1,1031.01,confirmed,2024-04-16
288,5,370,4,2025-08-20,2025-08-23,2,2623.58,completed,2024-07-03
289,22,329,4,2024-09-11,2024-09-14,4,2757.56,completed,2024-05-07
290,47,261,4,2024-10-29,2024-11-06,4,7283.92,completed,2024-10-05
291,99,116,2,2024-05-03,2024-05-09,1,693.54,completed,2024-04-23
292,148,434,2,2024-10-04,2024-10-12,3,574.40,completed,2024-05-30
293,106,296,3,2025-02-03,2025-02-12,1,1719.99,confirmed,2024-09-20
294,146,361,3,2024-05-22,2024-05-30,4,3968.64,confirmed,2024-04-20
295,21,374,5,2024-07-17,2024-07-20,3,4608.81,no_show,2024-04-27
296,120,41,5,2026-01-14,2026-01-23,1,14398.56,completed,2025-03-13
297,63,323,1,2025-07-13,2025-07-21,3,1078.40,completed,2025-04-12
298,14,274,1,2025-11-10,2025-11-16,4,395.28,completed,2025-11-03
299,147,170,4,2025-10-31,2025-11-12,3,6821.85,completed,2024-10-30
300,75,19,5,2025-05-11,2025-05-14,3,1426.23,completed,2024-10-17
301,16,243,5,2026-02-04,2026-02-15,1,6537.63,confirmed,2025-03-09
302,75,378,5,2025-01-16,2025-01-29,4,13669.89,confirmed,2024-05-28
303,22,259,1,2024-11-27,2024-11-30,3,510.05,completed,2024-05-29
304,65,316,3,2026-01-22,2026-01-25,3,1068.30,cancelled,2025-08-30
305,4,58,5,2024-05-20,2024-06-01,2,17135.64,confirmed,2024-05-19
306,115,414,2,2025-04-30,2025-05-06,2,1399.02,cancelled,2025-01-29
307,125,410,5,2026-04-08,2026-04-11,3,1082.88,completed,2026-03-20
308,22,305,2,2024-06-20,2024-06-23,4,336.03,completed,2024-05-25
309,99,339,4,2024-10-19,2024-10-23,2,777.07,completed,2024-09-13
310,54,376,3,2026-02-07,2026-02-17,3,645.90,confirmed,2024-05-15
311,30,86,4,2026-04-06,2026-04-07,3,521.05,completed,2024-09-14
312,122,386,5,2025-12-17,2025-12-29,4,14577.48,confirmed,2025-08-13
313,122,75,5,2024-12-23,2024-12-28,1,2125.95,completed,2024-11-11
314,74,230,4,2025-12-16,2025-12-29,1,1862.77,completed,2024-07-25
315,25,327,3,2025-06-15,2025-06-24,4,3766.41,no_show,2025-03-23
316,70,139,3,2025-08-30,2025-09-05,3,407.64,completed,2025-07-17
317,150,237,2,2024-04-28,2024-05-05,2,1096.41,completed,2024-04-22
318,134,347,2,2026-03-01,2026-03-07,1,2585.10,cancelled,2025-05-03
319,3,35,1,2025-05-24,2025-06-07,1,4696.38,completed,2024-06-24
320,115,113,3,2026-03-31,2026-04-06,1,3187.56,cancelled,2026-01-04
321,7,48,1,2025-04-02,2025-04-12,2,3021.76,completed,2024-07-27
322,32,62,1,2025-04-01,2025-04-13,2,5279.52,completed,2024-05-10
323,97,392,5,2024-09-25,2024-10-06,2,4503.51,completed,2024-05-15
324,29,95,3,2025-04-27,2025-05-09,1,5775.96,cancelled,2024-04-08
325,117,394,4,2026-02-07,2026-02-12,3,2036.12,completed,2024-08-20
326,66,400,1,2024-07-12,2024-07-15,1,1025.30,cancelled,2024-06-15
327,98,171,1,2026-02-08,2026-02-15,3,1227.13,cancelled,2025-10-26
328,46,36,4,2024-11-30,2024-12-08,2,4536.42,no_show,2024-04-13
329,101,331,4,2025-06-10,2025-06-13,4,1331.35,confirmed,2025-05-05
330,56,330,1,2025-10-26,2025-11-05,3,2056.08,completed,2025-07-31
331,27,38,1,2025-12-28,2025-12-29,3,392.10,completed,2025-12-03
332,115,460,4,2025-01-06,2025-01-07,1,487.80,confirmed,2024-12-21
333,10,200,3,2025-01-22,2025-02-02,3,3476.33,confirmed,2024-05-07
334,101,2,5,2024-11-14,2024-11-24,4,10296.00,completed,2024-05-08
335,123,207,1,2024-08-01,2024-08-08,1,734.22,completed,2024-07-26
336,99,419,4,2025-11-07,2025-11-19,3,2521.47,confirmed,2025-10-15
337,86,156,4,2025-07-26,2025-08-06,1,1774.66,confirmed,2024-06-29
338,94,437,3,2026-03-17,2026-03-26,4,4794.75,confirmed,2025-08-12
339,75,104,2,2026-02-15,2026-02-26,4,2783.99,completed,2025-09-23
340,49,357,4,2024-09-18,2024-09-23,3,1942.41,completed,2024-07-12
341,125,454,4,2024-08-14,2024-08-16,2,854.03,completed,2024-05-17
342,10,13,5,2025-08-24,2025-08-28,4,2063.52,confirmed,2024-06-11
343,17,277,3,2025-09-22,2025-10-05,4,4248.27,completed,2025-08-25
344,5,174,1,2026-03-02,2026-03-03,1,227.26,cancelled,2025-01-04
345,104,109,5,2026-04-04,2026-04-06,2,3029.16,completed,2026-03-09
346,149,474,1,2024-05-01,2024-05-05,2,978.88,confirmed,2024-04-21
347,126,10,4,2026-02-10,2026-02-21,1,9743.00,completed,2026-01-19
348,63,333,2,2024-09-16,2024-09-28,1,6151.80,confirmed,2024-07-08
349,79,407,1,2026-02-21,2026-03-07,2,2031.01,completed,2024-07-13
350,17,419,1,2025-10-04,2025-10-18,2,1344.78,confirmed,2024-08-15
351,17,104,4,2026-03-27,2026-04-09,4,5757.80,cancelled,2024-08-06
352,84,351,5,2026-01-15,2026-01-17,3,2405.22,completed,2024-06-04
353,55,24,5,2025-09-08,2025-09-21,1,10482.42,confirmed,2025-03-05
354,31,73,4,2026-01-16,2026-01-21,3,3327.62,confirmed,2025-01-22
355,142,225,2,2024-10-18,2024-10-21,1,691.83,completed,2024-05-26
356,35,406,5,2024-05-27,2024-05-29,2,1035.78,completed,2024-04-20
357,5,42,1,2024-06-25,2024-07-03,1,660.80,confirmed,2024-04-08
358,73,356,4,2025-01-15,2025-01-22,2,1589.81,completed,2024-10-31
359,37,139,5,2026-03-17,2026-03-28,2,2242.02,completed,2025-12-25
360,45,355,1,2025-04-03,2025-04-13,4,490.80,completed,2024-08-22
361,23,424,3,2025-05-12,2025-05-23,1,3827.78,cancelled,2024-05-18
362,143,99,1,2025-03-24,2025-03-28,1,1556.70,no_show,2025-02-04
363,93,390,5,2025-07-27,2025-08-10,4,23046.24,completed,2025-02-28
364,54,28,2,2024-08-04,2024-08-09,2,1244.55,confirmed,2024-04-16
365,122,91,2,2025-12-17,2025-12-25,1,2875.44,completed,2024-10-07
366,14,187,3,2024-11-26,2024-12-07,3,860.20,confirmed,2024-11-14
367,86,413,4,2024-06-01,2024-06-11,1,6649.83,confirmed,2024-04-17
368,138,81,1,2025-01-07,2025-01-10,1,846.86,completed,2024-10-25
369,19,370,4,2025-05-12,2025-05-16,3,3498.11,completed,2025-04-01
370,108,383,3,2024-06-15,2024-06-19,1,875.40,confirmed,2024-05-18
371,84,51,2,2025-06-30,2025-07-04,2,1752.40,completed,2024-11-10
372,97,38,4,2024-04-30,2024-05-04,1,3430.84,completed,2024-04-28
373,112,111,5,2024-08-06,2024-08-09,4,814.68,completed,2024-07-23
374,96,235,2,2024-07-31,2024-08-03,3,1034.82,completed,2024-04-19
375,52,66,1,2024-09-05,2024-09-11,1,2277.12,completed,2024-05-06
376,72,57,4,2025-08-30,2025-09-02,2,2744.49,completed,2025-04-10
377,88,454,3,2025-09-23,2025-09-27,2,976.04,completed,2024-08-27
378,148,438,2,2024-10-30,2024-11-08,4,4177.26,confirmed,2024-05-26
379,56,243,4,2024-05-14,2024-05-24,4,3466.93,cancelled,2024-04-28
380,64,168,4,2025-12-12,2025-12-16,2,2347.80,completed,2024-07-11
381,147,214,1,2024-12-27,2024-12-28,4,335.32,confirmed,2024-07-29
382,130,218,5,2024-11-09,2024-11-10,1,1645.71,completed,2024-08-28
383,116,124,1,2025-06-20,2025-06-28,1,655.30,completed,2024-07-04
384,105,68,3,2024-04-26,2024-04-30,1,1662.28,cancelled,2024-04-11
385,5,343,3,2024-11-07,2024-11-15,4,606.32,confirmed,2024-04-25
386,147,299,1,2025-12-15,2025-12-27,4,3799.97,no_show,2024-10-14
387,36,361,4,2025-01-23,2025-02-06,3,12153.96,confirmed,2024-08-27
388,119,325,1,2025-08-04,2025-08-16,1,2865.89,completed,2024-05-22
389,99,171,5,2025-05-10,2025-05-22,4,7888.68,confirmed,2024-06-20
390,70,314,5,2026-01-15,2026-01-27,2,9271.44,completed,2024-12-03
391,21,451,3,2025-02-27,2025-03-09,1,2256.40,completed,2024-07-02
392,132,187,1,2025-03-13,2025-03-24,3,688.16,confirmed,2024-06-23
393,120,21,3,2024-10-21,2024-10-31,1,3173.10,completed,2024-04-20
394,144,397,2,2025-10-09,2025-10-21,3,5260.44,confirmed,2025-04-09
395,62,59,4,2024-06-09,2024-06-18,2,6028.78,completed,2024-04-29
396,58,181,3,2025-05-08,2025-05-14,4,1367.34,completed,2025-04-26
397,71,33,3,2025-06-13,2025-06-14,4,182.54,cancelled,2024-12-02
398,129,425,1,2025-12-13,2025-12-22,3,3341.45,completed,2025-08-23
399,116,189,1,2025-02-08,2025-02-18,4,3461.84,confirmed,2024-09-18
400,23,201,2,2026-01-01,2026-01-03,1,459.60,cancelled,2025-02-02
401,28,142,1,2026-01-12,2026-01-15,4,805.82,completed,2025-02-08
402,39,105,5,2024-06-04,2024-06-18,1,12445.44,no_show,2024-05-29
403,76,350,5,2025-09-12,2025-09-19,4,4463.13,completed,2024-12-26
404,89,228,1,2026-01-26,2026-02-02,1,580.72,cancelled,2025-09-16
405,6,411,2,2025-08-16,2025-08-30,3,7619.92,completed,2025-02-09
406,106,176,3,2024-07-04,2024-07-14,4,3944.90,completed,2024-06-12
407,118,291,2,2024-08-12,2024-08-17,3,792.75,completed,2024-08-10
408,44,134,2,2026-03-19,2026-04-01,3,4613.05,completed,2025-11-03
409,13,181,3,2024-07-09,2024-07-12,2,683.67,completed,2024-05-16
410,42,275,3,2026-03-31,2026-04-12,2,4138.56,confirmed,2025-02-16
411,40,122,1,2026-04-07,2026-04-10,3,1304.88,confirmed,2025-07-09
412,148,226,3,2025-12-08,2025-12-11,2,701.04,completed,2024-09-12
413,144,18,3,2026-02-02,2026-02-14,2,6169.20,no_show,2025-12-06
414,96,277,2,2024-05-26,2024-06-03,1,2614.32,completed,2024-04-26
415,7,256,2,2025-01-23,2025-01-30,3,2594.76,completed,2024-07-11
416,40,379,5,2024-10-26,2024-10-27,3,1448.79,no_show,2024-07-09
417,76,459,3,2026-01-06,2026-01-14,2,1354.56,no_show,2025-08-22
418,145,465,4,2025-07-07,2025-07-19,1,8200.50,cancelled,2024-12-01
419,123,72,5,2025-02-08,2025-02-09,1,1283.61,confirmed,2024-08-12
420,103,431,2,2024-07-25,2024-08-04,1,2534.40,completed,2024-06-10
421,84,312,2,2025-10-14,2025-10-15,2,194.25,completed,2025-09-10
422,72,12,1,2026-02-13,2026-02-17,4,390.98,completed,2025-04-23
423,23,202,2,2024-06-20,2024-06-29,1,1676.34,completed,2024-04-28
424,93,76,4,2025-05-04,2025-05-11,3,2421.21,completed,2024-08-20
425,4,177,3,2025-02-02,2025-02-07,4,1602.30,cancelled,2024-07-31
426,144,111,4,2025-03-28,2025-03-30,4,316.82,completed,2024-11-09
427,114,84,4,2024-05-05,2024-05-10,4,3874.94,completed,2024-04-15
428,36,301,5,2024-07-22,2024-08-05,2,19459.02,confirmed,2024-06-10
429,78,445,5,2025-08-28,2025-09-05,1,9854.64,no_show,2024-04-27
430,97,4,4,2026-01-18,2026-01-20,3,648.66,completed,2024-11-09
431,107,285,4,2024-09-28,2024-10-01,2,931.82,completed,2024-08-15
432,52,427,4,2026-02-10,2026-02-13,4,2136.64,cancelled,2025-12-02
433,11,424,3,2024-04-22,2024-05-06,3,4871.72,completed,2024-04-19
434,127,379,4,2024-11-15,2024-11-24,1,7606.15,confirmed,2024-06-08
435,40,154,4,2025-04-02,2025-04-07,3,4252.59,confirmed,2024-12-13
436,107,252,2,2024-06-18,2024-06-21,3,946.65,confirmed,2024-06-08
437,127,307,3,2024-07-15,2024-07-17,4,406.48,completed,2024-07-12
438,67,352,4,2025-02-25,2025-03-08,1,6563.09,no_show,2024-12-30
439,96,376,5,2024-10-21,2024-10-30,3,1743.93,confirmed,2024-06-28
440,42,30,2,2025-07-23,2025-08-02,2,5141.50,cancelled,2024-07-05
441,92,28,3,2024-09-09,2024-09-12,3,746.73,completed,2024-08-12
442,13,150,5,2025-10-01,2025-10-06,1,4081.80,completed,2025-05-23
443,132,393,2,2026-01-01,2026-01-05,2,2092.80,completed,2025-09-09
444,140,447,3,2025-04-19,2025-04-25,3,2890.80,completed,2024-06-06
445,70,358,3,2024-11-21,2024-12-02,3,5408.70,confirmed,2024-08-01
446,37,71,5,2024-07-16,2024-07-17,4,1197.30,cancelled,2024-07-01
447,106,472,2,2026-01-10,2026-01-16,2,2452.38,confirmed,2024-04-26
448,129,426,2,2024-08-26,2024-08-30,1,463.72,completed,2024-08-02
449,107,470,1,2025-12-10,2025-12-18,2,1861.57,confirmed,2024-09-07
450,5,179,3,2025-03-07,2025-03-15,2,2943.44,completed,2025-02-07
